{
  "metadata": {
    "method_name": "SC-OTS",
    "description": "Simplicial-Constrained Oblique Tree Sums: uses persistent homology on target-aware feature interaction distances to discover multi-way feature interactions, constraining oblique tree splits to these i...",
    "summary_table": "| Dataset | Task | SC-OTS | RO-FIGS | FIGS | XGB | XGB+SC | EBM |\n|---------|------|--------|---------|------|-----|--------|-----|\n| friedman1 | regr | 0.743 | 0.733 | 0.915 | 0.974 | 0.988 | 0.998 |...",
    "per_dataset_results": {
      "friedman1": {
        "dataset": "friedman1",
        "task_type": "regression",
        "n_features": 10,
        "n_samples": 5000,
        "category": "A_synthetic",
        "metric_name": "R²",
        "n_folds_completed": 5,
        "mean_scots": 0.7429704621244724,
        "std_scots": 0.017899663025616536,
        "mean_rofigs": 0.732790122047972,
        "std_rofigs": 0.02720544373467499,
        "mean_figs": 0.9145515846890513,
        "std_figs": 0.002910189217275697,
        "mean_xgb": 0.973530184137837,
        "std_xgb": 0.0015695713363893004,
        "mean_xgb_sc": 0.9876014539300023,
        "std_xgb_sc": 0.0008048595650005147,
        "mean_ebm": 0.9983045701682919,
        "std_ebm": 0.00019788875904600513,
        "scots_avg_splits": 20.0,
        "scots_avg_trees": 8.2,
        "scots_avg_time": 5.796385622024536,
        "avg_n_simplices_dim0": 10.0,
        "avg_n_simplices_dim1": 3.0,
        "avg_n_simplices_dim2": 1.0,
        "avg_n_simplices_dim3": 0.0,
        "avg_threshold": 0.8630850993482111,
        "avg_betti": [
          7.0,
          0.0,
          0.0
        ],
        "interaction_recovery": {
          "precision": 0.3333333333333333,
          "recall": 1.0,
          "f1": 0.5
        },
        "interaction_faithfulness": {
          "precision": 1.0,
          "recall": 0.3,
          "f1": 0.4615384615384615
        }
      },
      "friedman3": {
        "dataset": "friedman3",
        "task_type": "regression",
        "n_features": 4,
        "n_samples": 5000,
        "category": "A_synthetic",
        "metric_name": "R²",
        "n_folds_completed": 5,
        "mean_scots": 0.7094582022376148,
        "std_scots": 0.024028852545685528,
        "mean_rofigs": 0.7090395094491421,
        "std_rofigs": 0.024326430742562556,
        "mean_figs": 0.8284216826920107,
        "std_figs": 0.009673383549546959,
        "mean_xgb": 0.8741759050704433,
        "std_xgb": 0.011549392791236962,
        "mean_xgb_sc": 0.8762548735363838,
        "std_xgb_sc": 0.006855022209583598,
        "mean_ebm": 0.8842000939884306,
        "std_ebm": 0.00893779276060464,
        "scots_avg_splits": 20.0,
        "scots_avg_trees": 5.6,
        "scots_avg_time": 4.852345275878906,
        "avg_n_simplices_dim0": 4.0,
        "avg_n_simplices_dim1": 3.0,
        "avg_n_simplices_dim2": 1.0,
        "avg_n_simplices_dim3": 0.0,
        "avg_threshold": 0.9274153030675156,
        "avg_betti": [
          2.0,
          0.0,
          0.0
        ],
        "interaction_recovery": {
          "precision": 1.0,
          "recall": 0.6,
          "f1": 0.7499999999999999
        },
        "interaction_faithfulness": {
          "precision": 1.0,
          "recall": 1.0,
          "f1": 1.0
        }
      },
      "synth_3way": {
        "dataset": "synth_3way",
        "task_type": "regression",
        "n_features": 15,
        "n_samples": 5000,
        "category": "A_synthetic",
        "metric_name": "R²",
        "n_folds_completed": 5,
        "mean_scots": 0.6893468602074853,
        "std_scots": 0.03018520133401984,
        "mean_rofigs": 0.6868695702528489,
        "std_rofigs": 0.02182288134116768,
        "mean_figs": 0.8761751328085106,
        "std_figs": 0.0061395303817650005,
        "mean_xgb": 0.9696032450617388,
        "std_xgb": 0.001055528394157061,
        "mean_xgb_sc": 0.9383457770239845,
        "std_xgb_sc": 0.018076424707716175,
        "mean_ebm": 0.9857444995121284,
        "std_ebm": 0.00036277423584553343,
        "scots_avg_splits": 20.0,
        "scots_avg_trees": 6.4,
        "scots_avg_time": 7.985169267654419,
        "avg_n_simplices_dim0": 15.0,
        "avg_n_simplices_dim1": 5.0,
        "avg_n_simplices_dim2": 1.2,
        "avg_n_simplices_dim3": 0.0,
        "avg_threshold": 0.9330364615130243,
        "avg_betti": [
          10.8,
          0.0,
          0.0
        ],
        "interaction_recovery": {
          "precision": 0.52,
          "recall": 0.65,
          "f1": 0.5777777777777777
        },
        "interaction_faithfulness": {
          "precision": 1.0,
          "recall": 0.5111111111111111,
          "f1": 0.6761904761904761
        }
      },
      "synth_4way": {
        "dataset": "synth_4way",
        "task_type": "regression",
        "n_features": 20,
        "n_samples": 5000,
        "category": "A_synthetic",
        "metric_name": "R²",
        "n_folds_completed": 5,
        "mean_scots": 0.770475694067208,
        "std_scots": 0.013173070593167408,
        "mean_rofigs": 0.7573892321083904,
        "std_rofigs": 0.018436390576694977,
        "mean_figs": 0.9185854119012233,
        "std_figs": 0.0032390688862136,
        "mean_xgb": 0.9756472883586061,
        "std_xgb": 0.0016730392778256532,
        "mean_xgb_sc": 0.9500521949159852,
        "std_xgb_sc": 0.00218291115710173,
        "mean_ebm": 0.9773989280748735,
        "std_ebm": 0.0010734539476192396,
        "scots_avg_splits": 20.0,
        "scots_avg_trees": 5.4,
        "scots_avg_time": 9.374448537826538,
        "avg_n_simplices_dim0": 20.0,
        "avg_n_simplices_dim1": 6.2,
        "avg_n_simplices_dim2": 1.4,
        "avg_n_simplices_dim3": 0.0,
        "avg_threshold": 0.9790923593200522,
        "avg_betti": [
          14.0,
          0.0,
          0.0
        ],
        "interaction_recovery": {
          "precision": 0.35238095238095235,
          "recall": 0.3142857142857143,
          "f1": 0.33186813186813185
        }
      },
      "diabetes": {
        "dataset": "diabetes",
        "task_type": "classification",
        "n_features": 8,
        "n_samples": 768,
        "category": "B_realworld",
        "metric_name": "Accuracy",
        "n_folds_completed": 5,
        "mean_scots": 0.7551141668788729,
        "std_scots": 0.037615851286668625,
        "mean_rofigs": 0.7512859689330277,
        "std_rofigs": 0.018301988200393814,
        "mean_figs": 0.7291146761734998,
        "std_figs": 0.03200565003740504,
        "mean_xgb": 0.747347423818012,
        "std_xgb": 0.02011554391688753,
        "mean_xgb_sc": 0.7212715389185977,
        "std_xgb_sc": 0.03592893817478804,
        "mean_ebm": 0.7655377302436126,
        "std_ebm": 0.03176933862585876,
        "scots_avg_splits": 20.0,
        "scots_avg_trees": 4.0,
        "scots_avg_time": 3.434742784500122,
        "avg_n_simplices_dim0": 8.0,
        "avg_n_simplices_dim1": 4.8,
        "avg_n_simplices_dim2": 0.4,
        "avg_n_simplices_dim3": 0.0,
        "avg_threshold": 0.9284112080829721,
        "avg_betti": [
          3.8,
          0.0,
          0.0
        ]
      },
      "breast_w": {
        "dataset": "breast_w",
        "task_type": "classification",
        "n_features": 9,
        "n_samples": 699,
        "category": "B_realworld",
        "metric_name": "Accuracy",
        "n_folds_completed": 5,
        "mean_scots": 0.9471017471736897,
        "std_scots": 0.02045527202098696,
        "mean_rofigs": 0.9556526207605345,
        "std_rofigs": 0.006987032025164403,
        "mean_figs": 0.9513360739979444,
        "std_figs": 0.015349082918161526,
        "mean_xgb": 0.9613874614594039,
        "std_xgb": 0.013217214714777919,
        "mean_xgb_sc": 0.958530318602261,
        "std_xgb_sc": 0.009420486452021863,
        "mean_ebm": 0.9656526207605344,
        "std_ebm": 0.008394050206009258,
        "scots_avg_splits": 20.0,
        "scots_avg_trees": 4.4,